{
  "rmse": 496.1831429068014,
  "mape": 347.96925145933744,
  "mae": 241.64741300363738,
  "interval_coverage_80pct": 100.0,
  "total_forecasts": 127080,
  "valid_forecasts": 127080
}